/*==============================================================*/
/* Database name:  HGAM DB V1.00                                */
/* DBMS name:      ORACLE Version 9i                            */
/* Created on:     2003-12-3 16:25:53                           */
/* Created by:     zhengxq@sunyard.com                          */
/*==============================================================*/


--1.18.业务类电子表单定义表
--测绘档案->测绘综合成果
INSERT INTO EFORM_DEFINE(EFORM_ID,EFORM_NAME,EFORM_VERSION,EFORM_BEGIN_DATE,EFORM_END_DATE,ENTRY_ID) 
	VALUES(101,'测绘综合成果',1,sysdate,null,'21');
--测绘档案->相控片
INSERT INTO EFORM_DEFINE(EFORM_ID,EFORM_NAME,EFORM_VERSION,EFORM_BEGIN_DATE,EFORM_END_DATE,ENTRY_ID) 
	VALUES(102,'像控片',1,sysdate,null,'24');
--测绘档案->航摄底片
INSERT INTO EFORM_DEFINE(EFORM_ID,EFORM_NAME,EFORM_VERSION,EFORM_BEGIN_DATE,EFORM_END_DATE,ENTRY_ID) 
	VALUES(103,'航摄底片',1,sysdate,null,'25');
--测绘档案->涤纶片
INSERT INTO EFORM_DEFINE(EFORM_ID,EFORM_NAME,EFORM_VERSION,EFORM_BEGIN_DATE,EFORM_END_DATE,ENTRY_ID) 
	VALUES(104,'涤纶片',1,sysdate,null,'26');
--特种载体档案->照片
INSERT INTO EFORM_DEFINE(EFORM_ID,EFORM_NAME,EFORM_VERSION,EFORM_BEGIN_DATE,EFORM_END_DATE,ENTRY_ID) 
	VALUES(105,'照片',1,sysdate,null,'49');
--特种载体档案->录象系统
INSERT INTO EFORM_DEFINE(EFORM_ID,EFORM_NAME,EFORM_VERSION,EFORM_BEGIN_DATE,EFORM_END_DATE,ENTRY_ID) 
	VALUES(106,'录象系统',1,sysdate,null,'50');
--特种载体档案->光盘软盘
INSERT INTO EFORM_DEFINE(EFORM_ID,EFORM_NAME,EFORM_VERSION,EFORM_BEGIN_DATE,EFORM_END_DATE,ENTRY_ID) 
	VALUES(107,'光盘软盘',1,sysdate,null,'51');
--特种载体档案->实物
INSERT INTO EFORM_DEFINE(EFORM_ID,EFORM_NAME,EFORM_VERSION,EFORM_BEGIN_DATE,EFORM_END_DATE,ENTRY_ID) 
	VALUES(108,'实物',1,sysdate,null,'52');
--规划监察类->案件查处
INSERT INTO EFORM_DEFINE(EFORM_ID,EFORM_NAME,EFORM_VERSION,EFORM_BEGIN_DATE,EFORM_END_DATE,ENTRY_ID) 
	VALUES(109,'案件查处',1,sysdate,null,'20');
--测绘档案->地形图原图、二底图
INSERT INTO EFORM_DEFINE(EFORM_ID,EFORM_NAME,EFORM_VERSION,EFORM_BEGIN_DATE,EFORM_END_DATE,ENTRY_ID) 
	VALUES(110,'地形图原图、二底图',1,sysdate,null,'22');
--测绘档案->测量标志
INSERT INTO EFORM_DEFINE(EFORM_ID,EFORM_NAME,EFORM_VERSION,EFORM_BEGIN_DATE,EFORM_END_DATE,ENTRY_ID) 
	VALUES(111,'测量标志',1,sysdate,null,'23');
--规划审批档案->许可证存根(郑先全，20040317)
INSERT INTO EFORM_DEFINE(EFORM_ID,EFORM_NAME,EFORM_VERSION,EFORM_BEGIN_DATE,EFORM_END_DATE,ENTRY_ID) 
	VALUES(112,'许可证存根',1,sysdate,null,'13');



--1.19.电子表单字段定义表
INSERT INTO FIELD_DEFINE(FIELD_ID,FIELD_TYPE_ID,FIELD_CNAME,FIELD_ENAME,FIELD_LEN,FIELD_ISNULL,FIELD_ISBRIEF)
	VALUES(1,1,'测区','FIELD_101_1',20,1,1);
INSERT INTO FIELD_DEFINE(FIELD_ID,FIELD_TYPE_ID,FIELD_CNAME,FIELD_ENAME,FIELD_LEN,FIELD_ISNULL,FIELD_ISBRIEF)
	VALUES(2,1,'比例尺','FIELD_101_2',20,1,1);	

INSERT INTO FIELD_DEFINE(FIELD_ID,FIELD_TYPE_ID,FIELD_CNAME,FIELD_ENAME,FIELD_LEN,FIELD_ISNULL,FIELD_ISBRIEF)
	VALUES(3,1,'航摄单位','FIELD_102_1',20,1,1);
INSERT INTO FIELD_DEFINE(FIELD_ID,FIELD_TYPE_ID,FIELD_CNAME,FIELD_ENAME,FIELD_LEN,FIELD_ISNULL,FIELD_ISBRIEF)
	VALUES(4,1,'航摄时间','FIELD_102_2',20,1,1);
INSERT INTO FIELD_DEFINE(FIELD_ID,FIELD_TYPE_ID,FIELD_CNAME,FIELD_ENAME,FIELD_LEN,FIELD_ISNULL,FIELD_ISBRIEF)
	VALUES(5,1,'航测单位','FIELD_102_3',20,1,1);
INSERT INTO FIELD_DEFINE(FIELD_ID,FIELD_TYPE_ID,FIELD_CNAME,FIELD_ENAME,FIELD_LEN,FIELD_ISNULL,FIELD_ISBRIEF)
	VALUES(6,1,'航测时间','FIELD_102_4',20,1,1);

INSERT INTO FIELD_DEFINE(FIELD_ID,FIELD_TYPE_ID,FIELD_CNAME,FIELD_ENAME,FIELD_LEN,FIELD_ISNULL,FIELD_ISBRIEF)
	VALUES(7,1,'文字说明','FIELD_105_1',20,1,1);
INSERT INTO FIELD_DEFINE(FIELD_ID,FIELD_TYPE_ID,FIELD_CNAME,FIELD_ENAME,FIELD_LEN,FIELD_ISNULL,FIELD_ISBRIEF)
	VALUES(8,1,'起止时间','FIELD_105_2',20,1,1);
INSERT INTO FIELD_DEFINE(FIELD_ID,FIELD_TYPE_ID,FIELD_CNAME,FIELD_ENAME,FIELD_LEN,FIELD_ISNULL,FIELD_ISBRIEF)
	VALUES(9,1,'件数页数','FIELD_105_3',20,1,1);
INSERT INTO FIELD_DEFINE(FIELD_ID,FIELD_TYPE_ID,FIELD_CNAME,FIELD_ENAME,FIELD_LEN,FIELD_ISNULL,FIELD_ISBRIEF)
	VALUES(10,1,'参见号','FIELD_105_4',20,1,1);
INSERT INTO FIELD_DEFINE(FIELD_ID,FIELD_TYPE_ID,FIELD_CNAME,FIELD_ENAME,FIELD_LEN,FIELD_ISNULL,FIELD_ISBRIEF)
	VALUES(11,1,'拍摄者','FIELD_105_5',20,1,1);
INSERT INTO FIELD_DEFINE(FIELD_ID,FIELD_TYPE_ID,FIELD_CNAME,FIELD_ENAME,FIELD_LEN,FIELD_ISNULL,FIELD_ISBRIEF)
	VALUES(12,1,'拍摄时间','FIELD_105_6',20,1,1);

INSERT INTO FIELD_DEFINE(FIELD_ID,FIELD_TYPE_ID,FIELD_CNAME,FIELD_ENAME,FIELD_LEN,FIELD_ISNULL,FIELD_ISBRIEF)
	VALUES(13,1,'盘数','FIELD_107_1',20,1,1);

INSERT INTO FIELD_DEFINE(FIELD_ID,FIELD_TYPE_ID,FIELD_CNAME,FIELD_ENAME,FIELD_LEN,FIELD_ISNULL,FIELD_ISBRIEF)
	VALUES(14,1,'实物名称','FIELD_108_1',20,1,1);
INSERT INTO FIELD_DEFINE(FIELD_ID,FIELD_TYPE_ID,FIELD_CNAME,FIELD_ENAME,FIELD_LEN,FIELD_ISNULL,FIELD_ISBRIEF)
	VALUES(15,1,'实物来源','FIELD_108_2',20,1,1);
INSERT INTO FIELD_DEFINE(FIELD_ID,FIELD_TYPE_ID,FIELD_CNAME,FIELD_ENAME,FIELD_LEN,FIELD_ISNULL,FIELD_ISBRIEF)
	VALUES(16,1,'形成日期','FIELD_108_3',20,1,1);

INSERT INTO FIELD_DEFINE(FIELD_ID,FIELD_TYPE_ID,FIELD_CNAME,FIELD_ENAME,FIELD_LEN,FIELD_ISNULL,FIELD_ISBRIEF)
	VALUES(17,1,'归档日期','FIELD_109_1',20,1,1);
INSERT INTO FIELD_DEFINE(FIELD_ID,FIELD_TYPE_ID,FIELD_CNAME,FIELD_ENAME,FIELD_LEN,FIELD_ISNULL,FIELD_ISBRIEF)
	VALUES(18,1,'违章单位','FIELD_109_2',20,1,1);
INSERT INTO FIELD_DEFINE(FIELD_ID,FIELD_TYPE_ID,FIELD_CNAME,FIELD_ENAME,FIELD_LEN,FIELD_ISNULL,FIELD_ISBRIEF)
	VALUES(19,1,'联系人','FIELD_109_3',20,1,1);
INSERT INTO FIELD_DEFINE(FIELD_ID,FIELD_TYPE_ID,FIELD_CNAME,FIELD_ENAME,FIELD_LEN,FIELD_ISNULL,FIELD_ISBRIEF)
	VALUES(20,1,'联系单位','FIELD_109_4',20,1,1);
INSERT INTO FIELD_DEFINE(FIELD_ID,FIELD_TYPE_ID,FIELD_CNAME,FIELD_ENAME,FIELD_LEN,FIELD_ISNULL,FIELD_ISBRIEF)
	VALUES(21,1,'处罚结果','FIELD_109_5',20,1,1);
INSERT INTO FIELD_DEFINE(FIELD_ID,FIELD_TYPE_ID,FIELD_CNAME,FIELD_ENAME,FIELD_LEN,FIELD_ISNULL,FIELD_ISBRIEF)
	VALUES(22,1,'处罚书号','FIELD_109_6',20,1,1);
INSERT INTO FIELD_DEFINE(FIELD_ID,FIELD_TYPE_ID,FIELD_CNAME,FIELD_ENAME,FIELD_LEN,FIELD_ISNULL,FIELD_ISBRIEF)
	VALUES(23,1,'案发地点','FIELD_109_7',20,1,1);
INSERT INTO FIELD_DEFINE(FIELD_ID,FIELD_TYPE_ID,FIELD_CNAME,FIELD_ENAME,FIELD_LEN,FIELD_ISNULL,FIELD_ISBRIEF)
	VALUES(24,1,'立案部门','FIELD_109_8',20,1,1);
INSERT INTO FIELD_DEFINE(FIELD_ID,FIELD_TYPE_ID,FIELD_CNAME,FIELD_ENAME,FIELD_LEN,FIELD_ISNULL,FIELD_ISBRIEF)
	VALUES(25,1,'结构','FIELD_109_9',20,1,1);
INSERT INTO FIELD_DEFINE(FIELD_ID,FIELD_TYPE_ID,FIELD_CNAME,FIELD_ENAME,FIELD_LEN,FIELD_ISNULL,FIELD_ISBRIEF)
	VALUES(26,1,'承办人','FIELD_109_10',20,1,1);
INSERT INTO FIELD_DEFINE(FIELD_ID,FIELD_TYPE_ID,FIELD_CNAME,FIELD_ENAME,FIELD_LEN,FIELD_ISNULL,FIELD_ISBRIEF)
	VALUES(27,1,'层次','FIELD_109_11',20,1,1);
INSERT INTO FIELD_DEFINE(FIELD_ID,FIELD_TYPE_ID,FIELD_CNAME,FIELD_ENAME,FIELD_LEN,FIELD_ISNULL,FIELD_ISBRIEF)
	VALUES(28,1,'案件来源','FIELD_109_12',20,1,1);
INSERT INTO FIELD_DEFINE(FIELD_ID,FIELD_TYPE_ID,FIELD_CNAME,FIELD_ENAME,FIELD_LEN,FIELD_ISNULL,FIELD_ISBRIEF)
	VALUES(29,1,'长度','FIELD_109_13',20,1,1);
INSERT INTO FIELD_DEFINE(FIELD_ID,FIELD_TYPE_ID,FIELD_CNAME,FIELD_ENAME,FIELD_LEN,FIELD_ISNULL,FIELD_ISBRIEF)
	VALUES(30,1,'建筑功能','FIELD_109_14',20,1,1);
INSERT INTO FIELD_DEFINE(FIELD_ID,FIELD_TYPE_ID,FIELD_CNAME,FIELD_ENAME,FIELD_LEN,FIELD_ISNULL,FIELD_ISBRIEF)
	VALUES(31,1,'高度','FIELD_109_15',20,1,1);
INSERT INTO FIELD_DEFINE(FIELD_ID,FIELD_TYPE_ID,FIELD_CNAME,FIELD_ENAME,FIELD_LEN,FIELD_ISNULL,FIELD_ISBRIEF)
	VALUES(32,1,'面积','FIELD_109_16',20,1,1);


--
INSERT INTO FIELD_DEFINE(FIELD_ID,FIELD_TYPE_ID,FIELD_CNAME,FIELD_ENAME,FIELD_LEN,FIELD_ISNULL,FIELD_ISBRIEF)
	VALUES(33,1,'测量工程名称','FIELD_101_3',20,1,1);
INSERT INTO FIELD_DEFINE(FIELD_ID,FIELD_TYPE_ID,FIELD_CNAME,FIELD_ENAME,FIELD_LEN,FIELD_ISNULL,FIELD_ISBRIEF)
	VALUES(34,1,'测量日期','FIELD_101_4',20,1,1);

INSERT INTO FIELD_DEFINE(FIELD_ID,FIELD_TYPE_ID,FIELD_CNAME,FIELD_ENAME,FIELD_LEN,FIELD_ISNULL,FIELD_ISBRIEF)
	VALUES(35,1,'地形图名称','FIELD_110_1',20,1,1);
INSERT INTO FIELD_DEFINE(FIELD_ID,FIELD_TYPE_ID,FIELD_CNAME,FIELD_ENAME,FIELD_LEN,FIELD_ISNULL,FIELD_ISBRIEF)
	VALUES(36,1,'地形图类型','FIELD_110_2',20,1,1);
INSERT INTO FIELD_DEFINE(FIELD_ID,FIELD_TYPE_ID,FIELD_CNAME,FIELD_ENAME,FIELD_LEN,FIELD_ISNULL,FIELD_ISBRIEF)
	VALUES(37,1,'年代','FIELD_110_3',20,1,1);
INSERT INTO FIELD_DEFINE(FIELD_ID,FIELD_TYPE_ID,FIELD_CNAME,FIELD_ENAME,FIELD_LEN,FIELD_ISNULL,FIELD_ISBRIEF)
	VALUES(38,1,'成图方式','FIELD_110_4',20,1,1);
INSERT INTO FIELD_DEFINE(FIELD_ID,FIELD_TYPE_ID,FIELD_CNAME,FIELD_ENAME,FIELD_LEN,FIELD_ISNULL,FIELD_ISBRIEF)
	VALUES(39,1,'测图单位','FIELD_110_5',20,1,1);
INSERT INTO FIELD_DEFINE(FIELD_ID,FIELD_TYPE_ID,FIELD_CNAME,FIELD_ENAME,FIELD_LEN,FIELD_ISNULL,FIELD_ISBRIEF)
	VALUES(40,1,'比例尺','FIELD_110_6',20,1,1);

INSERT INTO FIELD_DEFINE(FIELD_ID,FIELD_TYPE_ID,FIELD_CNAME,FIELD_ENAME,FIELD_LEN,FIELD_ISNULL,FIELD_ISBRIEF)
	VALUES(41,1,'点之记','FIELD_111_1',20,1,1);
INSERT INTO FIELD_DEFINE(FIELD_ID,FIELD_TYPE_ID,FIELD_CNAME,FIELD_ENAME,FIELD_LEN,FIELD_ISNULL,FIELD_ISBRIEF)
	VALUES(42,1,'点名','FIELD_111_2',20,1,1);
INSERT INTO FIELD_DEFINE(FIELD_ID,FIELD_TYPE_ID,FIELD_CNAME,FIELD_ENAME,FIELD_LEN,FIELD_ISNULL,FIELD_ISBRIEF)
	VALUES(43,1,'测量标志','FIELD_111_3',20,1,1);
INSERT INTO FIELD_DEFINE(FIELD_ID,FIELD_TYPE_ID,FIELD_CNAME,FIELD_ENAME,FIELD_LEN,FIELD_ISNULL,FIELD_ISBRIEF)
	VALUES(44,1,'图幅编号','FIELD_111_4',20,1,1);
INSERT INTO FIELD_DEFINE(FIELD_ID,FIELD_TYPE_ID,FIELD_CNAME,FIELD_ENAME,FIELD_LEN,FIELD_ISNULL,FIELD_ISBRIEF)
	VALUES(45,1,'标石类型','FIELD_111_5',20,1,1);
INSERT INTO FIELD_DEFINE(FIELD_ID,FIELD_TYPE_ID,FIELD_CNAME,FIELD_ENAME,FIELD_LEN,FIELD_ISNULL,FIELD_ISBRIEF)
	VALUES(46,1,'经纬度','FIELD_111_6',20,1,1);
INSERT INTO FIELD_DEFINE(FIELD_ID,FIELD_TYPE_ID,FIELD_CNAME,FIELD_ENAME,FIELD_LEN,FIELD_ISNULL,FIELD_ISBRIEF)
	VALUES(47,1,'标石材料','FIELD_111_7',20,1,1);
INSERT INTO FIELD_DEFINE(FIELD_ID,FIELD_TYPE_ID,FIELD_CNAME,FIELD_ENAME,FIELD_LEN,FIELD_ISNULL,FIELD_ISBRIEF)
	VALUES(48,1,'所在地','FIELD_111_8',20,1,1);
INSERT INTO FIELD_DEFINE(FIELD_ID,FIELD_TYPE_ID,FIELD_CNAME,FIELD_ENAME,FIELD_LEN,FIELD_ISNULL,FIELD_ISBRIEF)
	VALUES(49,1,'地别','FIELD_111_9',20,1,1);
INSERT INTO FIELD_DEFINE(FIELD_ID,FIELD_TYPE_ID,FIELD_CNAME,FIELD_ENAME,FIELD_LEN,FIELD_ISNULL,FIELD_ISBRIEF)
	VALUES(50,1,'土地使用单位','FIELD_111_10',20,1,1);
INSERT INTO FIELD_DEFINE(FIELD_ID,FIELD_TYPE_ID,FIELD_CNAME,FIELD_ENAME,FIELD_LEN,FIELD_ISNULL,FIELD_ISBRIEF)
	VALUES(51,1,'点位详细说明','FIELD_111_11',20,1,1);
INSERT INTO FIELD_DEFINE(FIELD_ID,FIELD_TYPE_ID,FIELD_CNAME,FIELD_ENAME,FIELD_LEN,FIELD_ISNULL,FIELD_ISBRIEF)
	VALUES(52,1,'保管单位','FIELD_111_12',20,1,1);
INSERT INTO FIELD_DEFINE(FIELD_ID,FIELD_TYPE_ID,FIELD_CNAME,FIELD_ENAME,FIELD_LEN,FIELD_ISNULL,FIELD_ISBRIEF)
	VALUES(53,1,'保管人','FIELD_111_13',20,1,1);
INSERT INTO FIELD_DEFINE(FIELD_ID,FIELD_TYPE_ID,FIELD_CNAME,FIELD_ENAME,FIELD_LEN,FIELD_ISNULL,FIELD_ISBRIEF)
	VALUES(54,1,'选点日期','FIELD_111_14',20,1,1);
INSERT INTO FIELD_DEFINE(FIELD_ID,FIELD_TYPE_ID,FIELD_CNAME,FIELD_ENAME,FIELD_LEN,FIELD_ISNULL,FIELD_ISBRIEF)
	VALUES(55,1,'埋石日期','FIELD_111_15',20,1,1);
INSERT INTO FIELD_DEFINE(FIELD_ID,FIELD_TYPE_ID,FIELD_CNAME,FIELD_ENAME,FIELD_LEN,FIELD_ISNULL,FIELD_ISBRIEF)
	VALUES(56,1,'维修单位','FIELD_111_16',20,1,1);
INSERT INTO FIELD_DEFINE(FIELD_ID,FIELD_TYPE_ID,FIELD_CNAME,FIELD_ENAME,FIELD_LEN,FIELD_ISNULL,FIELD_ISBRIEF)
	VALUES(57,1,'对应照片案卷档号','FIELD_11_17',20,1,1);
INSERT INTO FIELD_DEFINE(FIELD_ID,FIELD_TYPE_ID,FIELD_CNAME,FIELD_ENAME,FIELD_LEN,FIELD_ISNULL,FIELD_ISBRIEF)
	VALUES(58,1,'照片页号','FIELD_111_18',20,1,1);

INSERT INTO FIELD_DEFINE(FIELD_ID,FIELD_TYPE_ID,FIELD_CNAME,FIELD_ENAME,FIELD_LEN,FIELD_ISNULL,FIELD_ISBRIEF)
	VALUES(59,1,'测区名称','FIELD_102_5',20,1,1);
INSERT INTO FIELD_DEFINE(FIELD_ID,FIELD_TYPE_ID,FIELD_CNAME,FIELD_ENAME,FIELD_LEN,FIELD_ISNULL,FIELD_ISBRIEF)
	VALUES(60,1,'测绘年代','FIELD_102_6',20,1,1);
INSERT INTO FIELD_DEFINE(FIELD_ID,FIELD_TYPE_ID,FIELD_CNAME,FIELD_ENAME,FIELD_LEN,FIELD_ISNULL,FIELD_ISBRIEF)
	VALUES(61,1,'成图比例','FIELD_102_7',20,1,1);
INSERT INTO FIELD_DEFINE(FIELD_ID,FIELD_TYPE_ID,FIELD_CNAME,FIELD_ENAME,FIELD_LEN,FIELD_ISNULL,FIELD_ISBRIEF)
	VALUES(62,1,'航线号','FIELD_102_8',20,1,1);


INSERT INTO FIELD_DEFINE(FIELD_ID,FIELD_TYPE_ID,FIELD_CNAME,FIELD_ENAME,FIELD_LEN,FIELD_ISNULL,FIELD_ISBRIEF)
	VALUES(64,1,'年度','FIELD_103_1',20,1,1);
INSERT INTO FIELD_DEFINE(FIELD_ID,FIELD_TYPE_ID,FIELD_CNAME,FIELD_ENAME,FIELD_LEN,FIELD_ISNULL,FIELD_ISBRIEF)
	VALUES(65,1,'摄区名称','FIELD_103_2',20,1,1);
INSERT INTO FIELD_DEFINE(FIELD_ID,FIELD_TYPE_ID,FIELD_CNAME,FIELD_ENAME,FIELD_LEN,FIELD_ISNULL,FIELD_ISBRIEF)
	VALUES(66,1,'总片数','FIELD_103_3',20,1,1);
INSERT INTO FIELD_DEFINE(FIELD_ID,FIELD_TYPE_ID,FIELD_CNAME,FIELD_ENAME,FIELD_LEN,FIELD_ISNULL,FIELD_ISBRIEF)
	VALUES(67,1,'航摄仪焦距','FIELD_103_4',20,1,1);

INSERT INTO FIELD_DEFINE(FIELD_ID,FIELD_TYPE_ID,FIELD_CNAME,FIELD_ENAME,FIELD_LEN,FIELD_ISNULL,FIELD_ISBRIEF)
	VALUES(68,1,'照片分说明','FIELD_105_7',20,1,1);
INSERT INTO FIELD_DEFINE(FIELD_ID,FIELD_TYPE_ID,FIELD_CNAME,FIELD_ENAME,FIELD_LEN,FIELD_ISNULL,FIELD_ISBRIEF)
	VALUES(69,1,'拍摄者','FIELD_105_8',20,1,1);
INSERT INTO FIELD_DEFINE(FIELD_ID,FIELD_TYPE_ID,FIELD_CNAME,FIELD_ENAME,FIELD_LEN,FIELD_ISNULL,FIELD_ISBRIEF)
	VALUES(70,1,'照片号','FIELD_105_9',20,1,1);
INSERT INTO FIELD_DEFINE(FIELD_ID,FIELD_TYPE_ID,FIELD_CNAME,FIELD_ENAME,FIELD_LEN,FIELD_ISNULL,FIELD_ISBRIEF)
	VALUES(71,1,'底片号','FIELD_105_10',20,1,1);

INSERT INTO FIELD_DEFINE(FIELD_ID,FIELD_TYPE_ID,FIELD_CNAME,FIELD_ENAME,FIELD_LEN,FIELD_ISNULL,FIELD_ISBRIEF)
	VALUES(72,1,'片号','FIELD_106_1',20,1,1);
INSERT INTO FIELD_DEFINE(FIELD_ID,FIELD_TYPE_ID,FIELD_CNAME,FIELD_ENAME,FIELD_LEN,FIELD_ISNULL,FIELD_ISBRIEF)
	VALUES(73,1,'制式','FIELD_106_2',20,1,1);
INSERT INTO FIELD_DEFINE(FIELD_ID,FIELD_TYPE_ID,FIELD_CNAME,FIELD_ENAME,FIELD_LEN,FIELD_ISNULL,FIELD_ISBRIEF)
	VALUES(74,1,'盒次','FIELD_106_3',20,1,1);
INSERT INTO FIELD_DEFINE(FIELD_ID,FIELD_TYPE_ID,FIELD_CNAME,FIELD_ENAME,FIELD_LEN,FIELD_ISNULL,FIELD_ISBRIEF)
	VALUES(75,1,'摄制单位','FIELD_106_4',20,1,1);
INSERT INTO FIELD_DEFINE(FIELD_ID,FIELD_TYPE_ID,FIELD_CNAME,FIELD_ENAME,FIELD_LEN,FIELD_ISNULL,FIELD_ISBRIEF)
	VALUES(76,1,'摄制时间','FIELD_106_5',20,1,1);
INSERT INTO FIELD_DEFINE(FIELD_ID,FIELD_TYPE_ID,FIELD_CNAME,FIELD_ENAME,FIELD_LEN,FIELD_ISNULL,FIELD_ISBRIEF)
	VALUES(77,1,'放映时间','FIELD_106_6',20,1,1);
INSERT INTO FIELD_DEFINE(FIELD_ID,FIELD_TYPE_ID,FIELD_CNAME,FIELD_ENAME,FIELD_LEN,FIELD_ISNULL,FIELD_ISBRIEF)
	VALUES(78,1,'语别','FIELD_106_7',20,1,1);

INSERT INTO FIELD_DEFINE(FIELD_ID,FIELD_TYPE_ID,FIELD_CNAME,FIELD_ENAME,FIELD_LEN,FIELD_ISNULL,FIELD_ISBRIEF)
	VALUES(79,1,'盘次','FIELD_107_2',20,1,1);

--
INSERT INTO FIELD_DEFINE(FIELD_ID,FIELD_TYPE_ID,FIELD_CNAME,FIELD_ENAME,FIELD_LEN,FIELD_ISNULL,FIELD_ISBRIEF)
	VALUES(80,1,'登记编号','FIELD_112_1',20,1,1);
INSERT INTO FIELD_DEFINE(FIELD_ID,FIELD_TYPE_ID,FIELD_CNAME,FIELD_ENAME,FIELD_LEN,FIELD_ISNULL,FIELD_ISBRIEF)
	VALUES(81,1,'建筑证号','FIELD_112_2',20,1,1);
INSERT INTO FIELD_DEFINE(FIELD_ID,FIELD_TYPE_ID,FIELD_CNAME,FIELD_ENAME,FIELD_LEN,FIELD_ISNULL,FIELD_ISBRIEF)
	VALUES(82,1,'建设单位','FIELD_112_3',40,1,1);
INSERT INTO FIELD_DEFINE(FIELD_ID,FIELD_TYPE_ID,FIELD_CNAME,FIELD_ENAME,FIELD_LEN,FIELD_ISNULL,FIELD_ISBRIEF)
	VALUES(83,1,'工程地址','FIELD_112_4',40,1,1);
INSERT INTO FIELD_DEFINE(FIELD_ID,FIELD_TYPE_ID,FIELD_CNAME,FIELD_ENAME,FIELD_LEN,FIELD_ISNULL,FIELD_ISBRIEF)
	VALUES(84,1,'地形图号','FIELD_112_5',20,1,1);
INSERT INTO FIELD_DEFINE(FIELD_ID,FIELD_TYPE_ID,FIELD_CNAME,FIELD_ENAME,FIELD_LEN,FIELD_ISNULL,FIELD_ISBRIEF)
	VALUES(85,1,'预审编号','FIELD_112_6',20,1,1);
INSERT INTO FIELD_DEFINE(FIELD_ID,FIELD_TYPE_ID,FIELD_CNAME,FIELD_ENAME,FIELD_LEN,FIELD_ISNULL,FIELD_ISBRIEF)
	VALUES(86,1,'发证者','FIELD_112_7',20,1,1);
INSERT INTO FIELD_DEFINE(FIELD_ID,FIELD_TYPE_ID,FIELD_CNAME,FIELD_ENAME,FIELD_LEN,FIELD_ISNULL,FIELD_ISBRIEF)
	VALUES(87,1,'发证日期','FIELD_112_8',20,1,1);


--1.20.电子表单－字段对应表
--测绘档案->测绘综合成果
INSERT INTO EFORM_FIELD(EFORM_ID,FIELD_ID,FIELD_SEQ,FIELD_ISEDIT)
	VALUES(101,1,1,1);
INSERT INTO EFORM_FIELD(EFORM_ID,FIELD_ID,FIELD_SEQ,FIELD_ISEDIT)
	VALUES(101,2,2,1);

--测绘档案->相控片
INSERT INTO EFORM_FIELD(EFORM_ID,FIELD_ID,FIELD_SEQ,FIELD_ISEDIT)
	VALUES(102,3,1,1);
INSERT INTO EFORM_FIELD(EFORM_ID,FIELD_ID,FIELD_SEQ,FIELD_ISEDIT)
	VALUES(102,4,2,1);
INSERT INTO EFORM_FIELD(EFORM_ID,FIELD_ID,FIELD_SEQ,FIELD_ISEDIT)
	VALUES(102,5,3,1);
INSERT INTO EFORM_FIELD(EFORM_ID,FIELD_ID,FIELD_SEQ,FIELD_ISEDIT)
	VALUES(102,6,4,1);
--测绘档案->航摄底片
INSERT INTO EFORM_FIELD(EFORM_ID,FIELD_ID,FIELD_SEQ,FIELD_ISEDIT)
	VALUES(103,3,1,1);
INSERT INTO EFORM_FIELD(EFORM_ID,FIELD_ID,FIELD_SEQ,FIELD_ISEDIT)
	VALUES(103,4,2,1);
--测绘档案->涤纶片
INSERT INTO EFORM_FIELD(EFORM_ID,FIELD_ID,FIELD_SEQ,FIELD_ISEDIT)
	VALUES(104,5,1,1);
INSERT INTO EFORM_FIELD(EFORM_ID,FIELD_ID,FIELD_SEQ,FIELD_ISEDIT)
	VALUES(104,6,2,1);
--特种载体档案->照片
INSERT INTO EFORM_FIELD(EFORM_ID,FIELD_ID,FIELD_SEQ,FIELD_ISEDIT)
	VALUES(105,7,1,1);
INSERT INTO EFORM_FIELD(EFORM_ID,FIELD_ID,FIELD_SEQ,FIELD_ISEDIT)
	VALUES(105,8,2,1);
INSERT INTO EFORM_FIELD(EFORM_ID,FIELD_ID,FIELD_SEQ,FIELD_ISEDIT)
	VALUES(105,9,3,1);
INSERT INTO EFORM_FIELD(EFORM_ID,FIELD_ID,FIELD_SEQ,FIELD_ISEDIT)
	VALUES(105,10,4,1);
INSERT INTO EFORM_FIELD(EFORM_ID,FIELD_ID,FIELD_SEQ,FIELD_ISEDIT)
	VALUES(105,11,5,1);
INSERT INTO EFORM_FIELD(EFORM_ID,FIELD_ID,FIELD_SEQ,FIELD_ISEDIT)
	VALUES(105,12,6,1);
--特种载体档案->录象系统
INSERT INTO EFORM_FIELD(EFORM_ID,FIELD_ID,FIELD_SEQ,FIELD_ISEDIT)
	VALUES(106,10,1,1);
INSERT INTO EFORM_FIELD(EFORM_ID,FIELD_ID,FIELD_SEQ,FIELD_ISEDIT)
	VALUES(106,11,2,1);
INSERT INTO EFORM_FIELD(EFORM_ID,FIELD_ID,FIELD_SEQ,FIELD_ISEDIT)
	VALUES(106,12,3,1);
--特种载体档案->光盘软盘
INSERT INTO EFORM_FIELD(EFORM_ID,FIELD_ID,FIELD_SEQ,FIELD_ISEDIT)
	VALUES(107,13,1,1);
--特种载体档案->实物
INSERT INTO EFORM_FIELD(EFORM_ID,FIELD_ID,FIELD_SEQ,FIELD_ISEDIT)
	VALUES(108,14,1,1);
INSERT INTO EFORM_FIELD(EFORM_ID,FIELD_ID,FIELD_SEQ,FIELD_ISEDIT)
	VALUES(108,15,2,1);
INSERT INTO EFORM_FIELD(EFORM_ID,FIELD_ID,FIELD_SEQ,FIELD_ISEDIT)
	VALUES(108,16,3,1);
--规划监察类->案件查处]
INSERT INTO EFORM_FIELD(EFORM_ID,FIELD_ID,FIELD_SEQ,FIELD_ISEDIT)
	VALUES(109,17,1,1);
INSERT INTO EFORM_FIELD(EFORM_ID,FIELD_ID,FIELD_SEQ,FIELD_ISEDIT)
	VALUES(109,18,2,1);
INSERT INTO EFORM_FIELD(EFORM_ID,FIELD_ID,FIELD_SEQ,FIELD_ISEDIT)
	VALUES(109,19,3,1);
INSERT INTO EFORM_FIELD(EFORM_ID,FIELD_ID,FIELD_SEQ,FIELD_ISEDIT)
	VALUES(109,20,4,1);
INSERT INTO EFORM_FIELD(EFORM_ID,FIELD_ID,FIELD_SEQ,FIELD_ISEDIT)
	VALUES(109,21,5,1);
INSERT INTO EFORM_FIELD(EFORM_ID,FIELD_ID,FIELD_SEQ,FIELD_ISEDIT)
	VALUES(109,22,6,1);
INSERT INTO EFORM_FIELD(EFORM_ID,FIELD_ID,FIELD_SEQ,FIELD_ISEDIT)
	VALUES(109,23,7,1);
INSERT INTO EFORM_FIELD(EFORM_ID,FIELD_ID,FIELD_SEQ,FIELD_ISEDIT)
	VALUES(109,24,8,1);
INSERT INTO EFORM_FIELD(EFORM_ID,FIELD_ID,FIELD_SEQ,FIELD_ISEDIT)
	VALUES(109,25,9,1);
INSERT INTO EFORM_FIELD(EFORM_ID,FIELD_ID,FIELD_SEQ,FIELD_ISEDIT)
	VALUES(109,26,10,1);
INSERT INTO EFORM_FIELD(EFORM_ID,FIELD_ID,FIELD_SEQ,FIELD_ISEDIT)
	VALUES(109,27,11,1);
INSERT INTO EFORM_FIELD(EFORM_ID,FIELD_ID,FIELD_SEQ,FIELD_ISEDIT)
	VALUES(109,28,12,1);
INSERT INTO EFORM_FIELD(EFORM_ID,FIELD_ID,FIELD_SEQ,FIELD_ISEDIT)
	VALUES(109,29,13,1);
INSERT INTO EFORM_FIELD(EFORM_ID,FIELD_ID,FIELD_SEQ,FIELD_ISEDIT)
	VALUES(109,30,14,1);
INSERT INTO EFORM_FIELD(EFORM_ID,FIELD_ID,FIELD_SEQ,FIELD_ISEDIT)
	VALUES(109,31,15,1);
INSERT INTO EFORM_FIELD(EFORM_ID,FIELD_ID,FIELD_SEQ,FIELD_ISEDIT)
	VALUES(109,32,16,1);

--文件级别
--测绘档案->测绘综合成果
INSERT INTO EFORM_FIELD(EFORM_ID,FIELD_ID,FIELD_SEQ,FIELD_ISEDIT)
	VALUES(101,33,3,1);
INSERT INTO EFORM_FIELD(EFORM_ID,FIELD_ID,FIELD_SEQ,FIELD_ISEDIT)
	VALUES(101,34,4,1);
--测绘档案->地形图原图、二底图
INSERT INTO EFORM_FIELD(EFORM_ID,FIELD_ID,FIELD_SEQ,FIELD_ISEDIT)
	VALUES(110,35,1,1);
INSERT INTO EFORM_FIELD(EFORM_ID,FIELD_ID,FIELD_SEQ,FIELD_ISEDIT)
	VALUES(110,36,2,1);
INSERT INTO EFORM_FIELD(EFORM_ID,FIELD_ID,FIELD_SEQ,FIELD_ISEDIT)
	VALUES(110,37,3,1);
INSERT INTO EFORM_FIELD(EFORM_ID,FIELD_ID,FIELD_SEQ,FIELD_ISEDIT)
	VALUES(110,38,4,1);
INSERT INTO EFORM_FIELD(EFORM_ID,FIELD_ID,FIELD_SEQ,FIELD_ISEDIT)
	VALUES(110,39,5,1);
INSERT INTO EFORM_FIELD(EFORM_ID,FIELD_ID,FIELD_SEQ,FIELD_ISEDIT)
	VALUES(110,40,6,1);
--测绘档案->测量标志
INSERT INTO EFORM_FIELD(EFORM_ID,FIELD_ID,FIELD_SEQ,FIELD_ISEDIT)
	VALUES(111,41,1,1);
INSERT INTO EFORM_FIELD(EFORM_ID,FIELD_ID,FIELD_SEQ,FIELD_ISEDIT)
	VALUES(111,42,2,1);
INSERT INTO EFORM_FIELD(EFORM_ID,FIELD_ID,FIELD_SEQ,FIELD_ISEDIT)
	VALUES(111,43,3,1);
INSERT INTO EFORM_FIELD(EFORM_ID,FIELD_ID,FIELD_SEQ,FIELD_ISEDIT)
	VALUES(111,44,4,1);
INSERT INTO EFORM_FIELD(EFORM_ID,FIELD_ID,FIELD_SEQ,FIELD_ISEDIT)
	VALUES(111,45,5,1);
INSERT INTO EFORM_FIELD(EFORM_ID,FIELD_ID,FIELD_SEQ,FIELD_ISEDIT)
	VALUES(111,46,6,1);
INSERT INTO EFORM_FIELD(EFORM_ID,FIELD_ID,FIELD_SEQ,FIELD_ISEDIT)
	VALUES(111,47,7,1);
INSERT INTO EFORM_FIELD(EFORM_ID,FIELD_ID,FIELD_SEQ,FIELD_ISEDIT)
	VALUES(111,48,8,1);
INSERT INTO EFORM_FIELD(EFORM_ID,FIELD_ID,FIELD_SEQ,FIELD_ISEDIT)
	VALUES(111,49,9,1);
INSERT INTO EFORM_FIELD(EFORM_ID,FIELD_ID,FIELD_SEQ,FIELD_ISEDIT)
	VALUES(111,50,10,1);
INSERT INTO EFORM_FIELD(EFORM_ID,FIELD_ID,FIELD_SEQ,FIELD_ISEDIT)
	VALUES(111,51,11,1);
INSERT INTO EFORM_FIELD(EFORM_ID,FIELD_ID,FIELD_SEQ,FIELD_ISEDIT)
	VALUES(111,52,12,1);
INSERT INTO EFORM_FIELD(EFORM_ID,FIELD_ID,FIELD_SEQ,FIELD_ISEDIT)
	VALUES(111,53,13,1);
INSERT INTO EFORM_FIELD(EFORM_ID,FIELD_ID,FIELD_SEQ,FIELD_ISEDIT)
	VALUES(111,54,14,1);
INSERT INTO EFORM_FIELD(EFORM_ID,FIELD_ID,FIELD_SEQ,FIELD_ISEDIT)
	VALUES(111,55,15,1);
INSERT INTO EFORM_FIELD(EFORM_ID,FIELD_ID,FIELD_SEQ,FIELD_ISEDIT)
	VALUES(111,56,16,1);
INSERT INTO EFORM_FIELD(EFORM_ID,FIELD_ID,FIELD_SEQ,FIELD_ISEDIT)
	VALUES(111,57,17,1);
INSERT INTO EFORM_FIELD(EFORM_ID,FIELD_ID,FIELD_SEQ,FIELD_ISEDIT)
	VALUES(111,58,18,1);
--测绘档案->相控片
INSERT INTO EFORM_FIELD(EFORM_ID,FIELD_ID,FIELD_SEQ,FIELD_ISEDIT)
	VALUES(102,59,5,1);
INSERT INTO EFORM_FIELD(EFORM_ID,FIELD_ID,FIELD_SEQ,FIELD_ISEDIT)
	VALUES(102,60,6,1);
INSERT INTO EFORM_FIELD(EFORM_ID,FIELD_ID,FIELD_SEQ,FIELD_ISEDIT)
	VALUES(102,61,7,1);
INSERT INTO EFORM_FIELD(EFORM_ID,FIELD_ID,FIELD_SEQ,FIELD_ISEDIT)
	VALUES(102,62,8,1);
INSERT INTO EFORM_FIELD(EFORM_ID,FIELD_ID,FIELD_SEQ,FIELD_ISEDIT)
	VALUES(102,16,9,1);

--测绘档案->航摄底片
INSERT INTO EFORM_FIELD(EFORM_ID,FIELD_ID,FIELD_SEQ,FIELD_ISEDIT)
	VALUES(103,64,3,1);
INSERT INTO EFORM_FIELD(EFORM_ID,FIELD_ID,FIELD_SEQ,FIELD_ISEDIT)
	VALUES(103,65,4,1);
INSERT INTO EFORM_FIELD(EFORM_ID,FIELD_ID,FIELD_SEQ,FIELD_ISEDIT)
	VALUES(103,66,5,1);
INSERT INTO EFORM_FIELD(EFORM_ID,FIELD_ID,FIELD_SEQ,FIELD_ISEDIT)
	VALUES(103,67,6,1);

--测绘档案->涤纶片
INSERT INTO EFORM_FIELD(EFORM_ID,FIELD_ID,FIELD_SEQ,FIELD_ISEDIT)
	VALUES(104,59,3,1);
INSERT INTO EFORM_FIELD(EFORM_ID,FIELD_ID,FIELD_SEQ,FIELD_ISEDIT)
	VALUES(104,60,4,1);
INSERT INTO EFORM_FIELD(EFORM_ID,FIELD_ID,FIELD_SEQ,FIELD_ISEDIT)
	VALUES(104,61,5,1);
INSERT INTO EFORM_FIELD(EFORM_ID,FIELD_ID,FIELD_SEQ,FIELD_ISEDIT)
	VALUES(104,62,6,1);

--特种载体档案->照片
INSERT INTO EFORM_FIELD(EFORM_ID,FIELD_ID,FIELD_SEQ,FIELD_ISEDIT)
	VALUES(105,68,7,1);
INSERT INTO EFORM_FIELD(EFORM_ID,FIELD_ID,FIELD_SEQ,FIELD_ISEDIT)
	VALUES(105,69,8,1);
INSERT INTO EFORM_FIELD(EFORM_ID,FIELD_ID,FIELD_SEQ,FIELD_ISEDIT)
	VALUES(105,70,9,1);
INSERT INTO EFORM_FIELD(EFORM_ID,FIELD_ID,FIELD_SEQ,FIELD_ISEDIT)
	VALUES(105,71,10,1);

--特种载体档案->录象系统
INSERT INTO EFORM_FIELD(EFORM_ID,FIELD_ID,FIELD_SEQ,FIELD_ISEDIT)
	VALUES(106,72,4,1);
INSERT INTO EFORM_FIELD(EFORM_ID,FIELD_ID,FIELD_SEQ,FIELD_ISEDIT)
	VALUES(106,73,5,1);
INSERT INTO EFORM_FIELD(EFORM_ID,FIELD_ID,FIELD_SEQ,FIELD_ISEDIT)
	VALUES(106,74,6,1);
INSERT INTO EFORM_FIELD(EFORM_ID,FIELD_ID,FIELD_SEQ,FIELD_ISEDIT)
	VALUES(106,75,7,1);
INSERT INTO EFORM_FIELD(EFORM_ID,FIELD_ID,FIELD_SEQ,FIELD_ISEDIT)
	VALUES(106,76,8,1);
INSERT INTO EFORM_FIELD(EFORM_ID,FIELD_ID,FIELD_SEQ,FIELD_ISEDIT)
	VALUES(106,77,9,1);
INSERT INTO EFORM_FIELD(EFORM_ID,FIELD_ID,FIELD_SEQ,FIELD_ISEDIT)
	VALUES(106,78,10,1);

--特种载体档案->实物
INSERT INTO EFORM_FIELD(EFORM_ID,FIELD_ID,FIELD_SEQ,FIELD_ISEDIT)
	VALUES(107,16,2,1);
INSERT INTO EFORM_FIELD(EFORM_ID,FIELD_ID,FIELD_SEQ,FIELD_ISEDIT)
	VALUES(107,79,3,1);


--许可证存根
INSERT INTO EFORM_FIELD(EFORM_ID,FIELD_ID,FIELD_SEQ,FIELD_ISEDIT)
	VALUES(112,80,1,1);
INSERT INTO EFORM_FIELD(EFORM_ID,FIELD_ID,FIELD_SEQ,FIELD_ISEDIT)
	VALUES(112,81,2,1);
INSERT INTO EFORM_FIELD(EFORM_ID,FIELD_ID,FIELD_SEQ,FIELD_ISEDIT)
	VALUES(112,82,3,1);
INSERT INTO EFORM_FIELD(EFORM_ID,FIELD_ID,FIELD_SEQ,FIELD_ISEDIT)
	VALUES(112,83,4,1);
INSERT INTO EFORM_FIELD(EFORM_ID,FIELD_ID,FIELD_SEQ,FIELD_ISEDIT)
	VALUES(112,84,5,1);
INSERT INTO EFORM_FIELD(EFORM_ID,FIELD_ID,FIELD_SEQ,FIELD_ISEDIT)
	VALUES(112,85,6,1);
INSERT INTO EFORM_FIELD(EFORM_ID,FIELD_ID,FIELD_SEQ,FIELD_ISEDIT)
	VALUES(112,86,7,1);
INSERT INTO EFORM_FIELD(EFORM_ID,FIELD_ID,FIELD_SEQ,FIELD_ISEDIT)
	VALUES(112,87,8,1);